{"cameraMode":{"drawMode":0,"name":"Shaded","section":"Shading Mode"},"sceneLighting":false,"audioPlay":false,"sceneViewState":{"showFog":true,"showMaterialUpdate":false,"showSkybox":false,"showFlares":true,"showImageEffects":true,"showParticleSystems":true},"in2DMode":false,"pivot":{"x":7.450580596923828e-9,"y":7.450580596923828e-9,"z":-3.725290298461914e-9},"rotation":{"x":-0.13478556275367738,"y":-0.842742919921875,"z":0.24772529304027558,"w":-0.4585298001766205},"size":0.6401563286781311,"orthographic":false}