{"cameraMode":{"drawMode":0,"name":"Shaded","section":"Shading Mode"},"sceneLighting":false,"audioPlay":false,"sceneViewState":{"showFog":true,"showMaterialUpdate":false,"showSkybox":false,"showFlares":true,"showImageEffects":true,"showParticleSystems":true},"in2DMode":false,"pivot":{"x":0.0,"y":1.5593376159667969,"z":0.5149999856948853},"rotation":{"x":-0.19110330939292909,"y":0.015309237875044346,"z":-0.0029808711260557176,"w":-0.9814460277557373},"size":4.40855073928833,"orthographic":false}